timestamp,test_id,pid_p,pid_i,pid_d,target_left,target_right,actual_speed_left,actual_speed_right,pos_left,pos_right,error_left,error_right
0.000001,0,9.500000,0.040000,0.300000,100,100,0.000000,-0.000000,0.000000,-0.000000,100.000000,100.000000
0.021317,0,9.500000,0.040000,0.300000,100,100,0.000000,-0.000000,2.000000,2.000000,100.000000,100.000000
0.042288,0,9.500000,0.040000,0.300000,100,100,95.680000,95.680000,24.000000,25.000000,4.320000,4.320000
0.063108,0,9.500000,0.040000,0.300000,100,100,95.680000,95.680000,40.000000,41.000000,4.320000,4.320000
0.084090,0,9.500000,0.040000,0.300000,100,100,95.680000,95.680000,56.000000,57.000000,4.320000,4.320000
0.105716,0,9.500000,0.040000,0.300000,100,100,95.680000,83.720000,71.000000,72.000000,4.320000,16.280000
0.127291,0,9.500000,0.040000,0.300000,100,100,95.680000,83.720000,87.000000,85.000000,4.320000,16.280000
0.148863,0,9.500000,0.040000,0.300000,100,100,95.680000,83.720000,104.000000,101.000000,4.320000,16.280000
0.170503,0,9.500000,0.040000,0.300000,100,100,83.720000,83.720000,119.000000,115.000000,16.280000,16.280000
0.192422,0,9.500000,0.040000,0.300000,100,100,83.720000,83.720000,133.000000,129.000000,16.280000,16.280000
0.213641,0,9.500000,0.040000,0.300000,100,100,83.720000,83.720000,147.000000,145.000000,16.280000,16.280000
0.234964,0,9.500000,0.040000,0.300000,100,100,95.680000,83.720000,171.000000,166.000000,4.320000,16.280000
0.256538,0,9.500000,0.040000,0.300000,100,100,95.680000,83.720000,186.000000,180.000000,4.320000,16.280000
0.277727,0,9.500000,0.040000,0.300000,100,100,95.680000,83.720000,194.000000,188.000000,4.320000,16.280000
0.299315,0,9.500000,0.040000,0.300000,100,100,95.680000,83.720000,217.000000,209.000000,4.320000,16.280000
0.321470,0,9.500000,0.040000,0.300000,100,100,95.680000,83.720000,241.000000,231.000000,4.320000,16.280000
0.342390,0,9.500000,0.040000,0.300000,100,100,95.680000,83.720000,257.000000,246.000000,4.320000,16.280000
0.363512,0,9.500000,0.040000,0.300000,100,100,95.680000,83.720000,273.000000,261.000000,4.320000,16.280000
0.385013,0,9.500000,0.040000,0.300000,100,100,95.680000,83.720000,288.000000,275.000000,4.320000,16.280000
0.406204,0,9.500000,0.040000,0.300000,100,100,95.680000,83.720000,304.000000,289.000000,4.320000,16.280000
0.427489,0,9.500000,0.040000,0.300000,100,100,95.680000,83.720000,320.000000,304.000000,4.320000,16.280000
0.449416,0,9.500000,0.040000,0.300000,100,100,95.680000,83.720000,336.000000,319.000000,4.320000,16.280000
0.471098,0,9.500000,0.040000,0.300000,100,100,95.680000,83.720000,352.000000,333.000000,4.320000,16.280000
0.492724,0,9.500000,0.040000,0.300000,100,100,95.680000,83.720000,368.000000,348.000000,4.320000,16.280000
0.514474,0,9.500000,0.040000,0.300000,100,100,95.680000,83.720000,384.000000,363.000000,4.320000,16.280000
0.536297,0,9.500000,0.040000,0.300000,100,100,95.680000,83.720000,408.000000,385.000000,4.320000,16.280000
0.556937,0,9.500000,0.040000,0.300000,100,100,95.680000,83.720000,424.000000,400.000000,4.320000,16.280000
0.577704,0,9.500000,0.040000,0.300000,100,100,107.640000,83.720000,440.000000,415.000000,-7.640000,16.280000
0.597972,0,9.500000,0.040000,0.300000,100,100,107.640000,83.720000,455.000000,430.000000,-7.640000,16.280000
0.618219,0,9.500000,0.040000,0.300000,100,100,107.640000,83.720000,470.000000,445.000000,-7.640000,16.280000
0.638504,0,9.500000,0.040000,0.300000,100,100,83.720000,95.680000,484.000000,460.000000,16.280000,4.320000
0.658850,0,9.500000,0.040000,0.300000,100,100,83.720000,95.680000,499.000000,474.000000,16.280000,4.320000
0.679381,0,9.500000,0.040000,0.300000,100,100,83.720000,95.680000,515.000000,489.000000,16.280000,4.320000
0.700205,0,9.500000,0.040000,0.300000,100,100,95.680000,95.680000,531.000000,505.000000,4.320000,4.320000
0.720827,0,9.500000,0.040000,0.300000,100,100,95.680000,95.680000,547.000000,520.000000,4.320000,4.320000
0.741342,0,9.500000,0.040000,0.300000,100,100,95.680000,95.680000,562.000000,534.000000,4.320000,4.320000
0.762370,0,9.500000,0.040000,0.300000,100,100,83.720000,83.720000,585.000000,557.000000,16.280000,16.280000
0.782731,0,9.500000,0.040000,0.300000,100,100,83.720000,83.720000,600.000000,573.000000,16.280000,16.280000
0.803020,0,9.500000,0.040000,0.300000,100,100,83.720000,83.720000,615.000000,588.000000,16.280000,16.280000
0.823244,0,9.500000,0.040000,0.300000,100,100,95.680000,83.720000,631.000000,602.000000,4.320000,16.280000
0.843455,0,9.500000,0.040000,0.300000,100,100,95.680000,83.720000,647.000000,617.000000,4.320000,16.280000
0.863650,0,9.500000,0.040000,0.300000,100,100,95.680000,83.720000,662.000000,633.000000,4.320000,16.280000
0.883918,0,9.500000,0.040000,0.300000,100,100,95.680000,83.720000,678.000000,648.000000,4.320000,16.280000
0.904105,0,9.500000,0.040000,0.300000,100,100,95.680000,83.720000,694.000000,663.000000,4.320000,16.280000
0.924335,0,9.500000,0.040000,0.300000,100,100,95.680000,83.720000,710.000000,678.000000,4.320000,16.280000
0.944604,0,9.500000,0.040000,0.300000,100,100,83.720000,83.720000,724.000000,693.000000,16.280000,16.280000
0.964965,0,9.500000,0.040000,0.300000,100,100,83.720000,83.720000,739.000000,709.000000,16.280000,16.280000
0.985665,0,9.500000,0.040000,0.300000,100,100,83.720000,83.720000,755.000000,724.000000,16.280000,16.280000
1.006770,0,9.500000,0.040000,0.300000,100,100,95.680000,83.720000,771.000000,739.000000,4.320000,16.280000
1.028331,0,9.500000,0.040000,0.300000,100,100,95.680000,83.720000,787.000000,754.000000,4.320000,16.280000
1.049552,0,9.500000,0.040000,0.300000,100,100,95.680000,83.720000,802.000000,769.000000,4.320000,16.280000
1.071023,0,9.500000,0.040000,0.300000,100,100,95.680000,95.680000,818.000000,785.000000,4.320000,4.320000
1.092516,0,9.500000,0.040000,0.300000,100,100,95.680000,95.680000,834.000000,800.000000,4.320000,4.320000
1.113728,0,9.500000,0.040000,0.300000,100,100,95.680000,95.680000,850.000000,815.000000,4.320000,4.320000
1.134936,0,9.500000,0.040000,0.300000,100,100,95.680000,83.720000,874.000000,838.000000,4.320000,16.280000
1.156375,0,9.500000,0.040000,0.300000,100,100,95.680000,83.720000,889.000000,853.000000,4.320000,16.280000
1.177476,0,9.500000,0.040000,0.300000,100,100,95.680000,95.680000,905.000000,869.000000,4.320000,4.320000
1.198269,0,9.500000,0.040000,0.300000,100,100,95.680000,95.680000,921.000000,884.000000,4.320000,4.320000
1.219345,0,9.500000,0.040000,0.300000,100,100,95.680000,95.680000,936.000000,899.000000,4.320000,4.320000
1.240706,0,9.500000,0.040000,0.300000,100,100,95.680000,83.720000,952.000000,914.000000,4.320000,16.280000
1.261683,0,9.500000,0.040000,0.300000,100,100,95.680000,83.720000,968.000000,929.000000,4.320000,16.280000
1.282831,0,9.500000,0.040000,0.300000,100,100,95.680000,83.720000,992.000000,953.000000,4.320000,16.280000
1.304791,0,9.500000,0.040000,0.300000,100,100,95.680000,83.720000,1008.000000,968.000000,4.320000,16.280000
1.326274,0,9.500000,0.040000,0.300000,100,100,95.680000,83.720000,1024.000000,983.000000,4.320000,16.280000
1.347140,0,9.500000,0.040000,0.300000,100,100,95.680000,83.720000,1041.000000,999.000000,4.320000,16.280000
1.368969,0,9.500000,0.040000,0.300000,100,100,83.720000,83.720000,1055.000000,1014.000000,16.280000,16.280000
1.390774,0,9.500000,0.040000,0.300000,100,100,83.720000,83.720000,1071.000000,1029.000000,16.280000,16.280000
1.411721,0,9.500000,0.040000,0.300000,100,100,83.720000,83.720000,1087.000000,1045.000000,16.280000,16.280000
1.433085,0,9.500000,0.040000,0.300000,100,100,83.720000,95.680000,1110.000000,1068.000000,16.280000,4.320000
1.453537,0,9.500000,0.040000,0.300000,100,100,83.720000,95.680000,1126.000000,1084.000000,16.280000,4.320000
1.474107,0,9.500000,0.040000,0.300000,100,100,83.720000,95.680000,1134.000000,1091.000000,16.280000,4.320000
1.495239,0,9.500000,0.040000,0.300000,100,100,95.680000,83.720000,1158.000000,1114.000000,4.320000,16.280000
1.515694,0,9.500000,0.040000,0.300000,100,100,95.680000,83.720000,1174.000000,1129.000000,4.320000,16.280000
1.536369,0,9.500000,0.040000,0.300000,100,100,95.680000,83.720000,1182.000000,1137.000000,4.320000,16.280000
1.556921,0,9.500000,0.040000,0.300000,100,100,83.720000,95.680000,1204.000000,1161.000000,16.280000,4.320000
1.577663,0,9.500000,0.040000,0.300000,100,100,83.720000,95.680000,1220.000000,1176.000000,16.280000,4.320000
1.599153,0,9.500000,0.040000,0.300000,100,100,95.680000,83.720000,1228.000000,1184.000000,4.320000,16.280000
1.620724,0,9.500000,0.040000,0.300000,100,100,95.680000,83.720000,1252.000000,1206.000000,4.320000,16.280000
1.641908,0,9.500000,0.040000,0.300000,100,100,95.680000,83.720000,1268.000000,1221.000000,4.320000,16.280000
1.663220,0,9.500000,0.040000,0.300000,100,100,95.680000,95.680000,1293.000000,1245.000000,4.320000,4.320000
1.684707,0,9.500000,0.040000,0.300000,100,100,95.680000,95.680000,1307.000000,1260.000000,4.320000,4.320000
1.705707,0,9.500000,0.040000,0.300000,100,100,95.680000,95.680000,1323.000000,1274.000000,4.320000,4.320000
1.726863,0,9.500000,0.040000,0.300000,100,100,95.680000,95.680000,1338.000000,1289.000000,4.320000,4.320000
1.748611,0,9.500000,0.040000,0.300000,100,100,95.680000,95.680000,1354.000000,1305.000000,4.320000,4.320000
1.769203,0,9.500000,0.040000,0.300000,100,100,95.680000,95.680000,1370.000000,1321.000000,4.320000,4.320000
1.790645,0,9.500000,0.040000,0.300000,100,100,95.680000,95.680000,1386.000000,1336.000000,4.320000,4.320000
1.812232,0,9.500000,0.040000,0.300000,100,100,95.680000,95.680000,1402.000000,1352.000000,4.320000,4.320000
1.832975,0,9.500000,0.040000,0.300000,100,100,95.680000,95.680000,1416.000000,1367.000000,4.320000,4.320000
1.854092,0,9.500000,0.040000,0.300000,100,100,95.680000,83.720000,1439.000000,1390.000000,4.320000,16.280000
1.874822,0,9.500000,0.040000,0.300000,100,100,95.680000,83.720000,1455.000000,1405.000000,4.320000,16.280000
1.895399,0,9.500000,0.040000,0.300000,100,100,95.680000,83.720000,1463.000000,1413.000000,4.320000,16.280000
1.916860,0,9.500000,0.040000,0.300000,100,100,95.680000,95.680000,1488.000000,1437.000000,4.320000,4.320000
1.937215,0,9.500000,0.040000,0.300000,100,100,95.680000,95.680000,1503.000000,1452.000000,4.320000,4.320000
1.957410,0,9.500000,0.040000,0.300000,100,100,95.680000,95.680000,1519.000000,1467.000000,4.320000,4.320000
1.977610,0,9.500000,0.040000,0.300000,100,100,95.680000,95.680000,1534.000000,1482.000000,4.320000,4.320000
1.997858,0,9.500000,0.040000,0.300000,100,100,95.680000,95.680000,1550.000000,1498.000000,4.320000,4.320000
0.000002,1,9.500000,0.040000,0.300000,200,200,0.000000,11.960000,1599.000000,1547.000000,200.000000,188.040000
0.021482,1,9.500000,0.040000,0.300000,200,200,59.800000,59.800000,1604.000000,1552.000000,140.200000,140.200000
0.042734,1,9.500000,0.040000,0.300000,200,200,59.800000,59.800000,1654.000000,1600.000000,140.200000,140.200000
0.064096,1,9.500000,0.040000,0.300000,200,200,59.800000,59.800000,1686.000000,1632.000000,140.200000,140.200000
0.085703,1,9.500000,0.040000,0.300000,200,200,191.350000,191.350000,1718.000000,1662.000000,8.650000,8.650000
0.106518,1,9.500000,0.040000,0.300000,200,200,191.350000,191.350000,1749.000000,1692.000000,8.650000,8.650000
0.127936,1,9.500000,0.040000,0.300000,200,200,191.350000,191.350000,1780.000000,1721.000000,8.650000,8.650000
0.149329,1,9.500000,0.040000,0.300000,200,200,179.390000,155.470000,1811.000000,1749.000000,20.610000,44.530000
0.170881,1,9.500000,0.040000,0.300000,200,200,179.390000,155.470000,1842.000000,1777.000000,20.610000,44.530000
0.192419,1,9.500000,0.040000,0.300000,200,200,179.390000,155.470000,1872.000000,1805.000000,20.610000,44.530000
0.214050,1,9.500000,0.040000,0.300000,200,200,191.350000,155.470000,1903.000000,1833.000000,8.650000,44.530000
0.235781,1,9.500000,0.040000,0.300000,200,200,191.350000,155.470000,1949.000000,1875.000000,8.650000,44.530000
0.257019,1,9.500000,0.040000,0.300000,200,200,191.350000,155.470000,1964.000000,1889.000000,8.650000,44.530000
0.278662,1,9.500000,0.040000,0.300000,200,200,191.350000,155.470000,2011.000000,1931.000000,8.650000,44.530000
0.299832,1,9.500000,0.040000,0.300000,200,200,191.350000,155.470000,2041.000000,1959.000000,8.650000,44.530000
0.320957,1,9.500000,0.040000,0.300000,200,200,191.350000,155.470000,2072.000000,1986.000000,8.650000,44.530000
0.341464,1,9.500000,0.040000,0.300000,200,200,191.350000,155.470000,2103.000000,2015.000000,8.650000,44.530000
0.363310,1,9.500000,0.040000,0.300000,200,200,191.350000,155.470000,2133.000000,2043.000000,8.650000,44.530000
0.384730,1,9.500000,0.040000,0.300000,200,200,179.390000,167.430000,2179.000000,2085.000000,20.610000,32.570000
0.406109,1,9.500000,0.040000,0.300000,200,200,179.390000,167.430000,2210.000000,2113.000000,20.610000,32.570000
0.427494,1,9.500000,0.040000,0.300000,200,200,179.390000,167.430000,2241.000000,2142.000000,20.610000,32.570000
0.448497,1,9.500000,0.040000,0.300000,200,200,179.390000,167.430000,2271.000000,2170.000000,20.610000,32.570000
0.470161,1,9.500000,0.040000,0.300000,200,200,179.390000,167.430000,2303.000000,2198.000000,20.610000,32.570000
0.491682,1,9.500000,0.040000,0.300000,200,200,179.390000,167.430000,2333.000000,2227.000000,20.610000,32.570000
0.512811,1,9.500000,0.040000,0.300000,200,200,179.390000,167.430000,2379.000000,2270.000000,20.610000,32.570000
0.534267,1,9.500000,0.040000,0.300000,200,200,179.390000,167.430000,2410.000000,2298.000000,20.610000,32.570000
0.555281,1,9.500000,0.040000,0.300000,200,200,179.390000,167.430000,2426.000000,2313.000000,20.610000,32.570000
0.576797,1,9.500000,0.040000,0.300000,200,200,179.390000,167.430000,2471.000000,2355.000000,20.610000,32.570000
0.598119,1,9.500000,0.040000,0.300000,200,200,179.390000,167.430000,2503.000000,2384.000000,20.610000,32.570000
0.619960,1,9.500000,0.040000,0.300000,200,200,191.350000,167.430000,2534.000000,2412.000000,8.650000,32.570000
0.641204,1,9.500000,0.040000,0.300000,200,200,191.350000,167.430000,2564.000000,2441.000000,8.650000,32.570000
0.662825,1,9.500000,0.040000,0.300000,200,200,191.350000,167.430000,2595.000000,2469.000000,8.650000,32.570000
0.684750,1,9.500000,0.040000,0.300000,200,200,179.390000,167.430000,2642.000000,2512.000000,20.610000,32.570000
0.706077,1,9.500000,0.040000,0.300000,200,200,179.390000,167.430000,2672.000000,2541.000000,20.610000,32.570000
0.726911,1,9.500000,0.040000,0.300000,200,200,179.390000,167.430000,2703.000000,2569.000000,20.610000,32.570000
0.747166,1,9.500000,0.040000,0.300000,200,200,191.350000,179.390000,2734.000000,2598.000000,8.650000,20.610000
0.767352,1,9.500000,0.040000,0.300000,200,200,191.350000,179.390000,2765.000000,2627.000000,8.650000,20.610000
0.787609,1,9.500000,0.040000,0.300000,200,200,191.350000,179.390000,2795.000000,2656.000000,8.650000,20.610000
0.808061,1,9.500000,0.040000,0.300000,200,200,191.350000,167.430000,2826.000000,2684.000000,8.650000,32.570000
0.828598,1,9.500000,0.040000,0.300000,200,200,191.350000,167.430000,2856.000000,2713.000000,8.650000,32.570000
0.849143,1,9.500000,0.040000,0.300000,200,200,191.350000,167.430000,2887.000000,2741.000000,8.650000,32.570000
0.869608,1,9.500000,0.040000,0.300000,200,200,191.350000,179.390000,2918.000000,2771.000000,8.650000,20.610000
0.890193,1,9.500000,0.040000,0.300000,200,200,191.350000,179.390000,2949.000000,2800.000000,8.650000,20.610000
0.910710,1,9.500000,0.040000,0.300000,200,200,191.350000,179.390000,2980.000000,2829.000000,8.650000,20.610000
0.930999,1,9.500000,0.040000,0.300000,200,200,179.390000,179.390000,3027.000000,2872.000000,20.610000,20.610000
0.951177,1,9.500000,0.040000,0.300000,200,200,179.390000,179.390000,3043.000000,2887.000000,20.610000,20.610000
0.971397,1,9.500000,0.040000,0.300000,200,200,179.390000,179.390000,3074.000000,2916.000000,20.610000,20.610000
0.991708,1,9.500000,0.040000,0.300000,200,200,179.390000,167.430000,3105.000000,2945.000000,20.610000,32.570000
1.011913,1,9.500000,0.040000,0.300000,200,200,179.390000,167.430000,3136.000000,2973.000000,20.610000,32.570000
1.032103,1,9.500000,0.040000,0.300000,200,200,179.390000,167.430000,3167.000000,3003.000000,20.610000,32.570000
1.052342,1,9.500000,0.040000,0.300000,200,200,191.350000,167.430000,3199.000000,3032.000000,8.650000,32.570000
1.072691,1,9.500000,0.040000,0.300000,200,200,191.350000,167.430000,3230.000000,3061.000000,8.650000,32.570000
1.093296,1,9.500000,0.040000,0.300000,200,200,191.350000,167.430000,3261.000000,3089.000000,8.650000,32.570000
1.114053,1,9.500000,0.040000,0.300000,200,200,191.350000,191.350000,3308.000000,3133.000000,8.650000,8.650000
1.134936,1,9.500000,0.040000,0.300000,200,200,191.350000,191.350000,3339.000000,3164.000000,8.650000,8.650000
1.156105,1,9.500000,0.040000,0.300000,200,200,191.350000,191.350000,3355.000000,3177.000000,8.650000,8.650000
1.176650,1,9.500000,0.040000,0.300000,200,200,191.350000,191.350000,3403.000000,3222.000000,8.650000,8.650000
1.197981,1,9.500000,0.040000,0.300000,200,200,191.350000,191.350000,3434.000000,3252.000000,8.650000,8.650000
1.219019,1,9.500000,0.040000,0.300000,200,200,191.350000,179.390000,3466.000000,3281.000000,8.650000,20.610000
1.240537,1,9.500000,0.040000,0.300000,200,200,191.350000,179.390000,3497.000000,3309.000000,8.650000,20.610000
1.262012,1,9.500000,0.040000,0.300000,200,200,191.350000,179.390000,3529.000000,3340.000000,8.650000,20.610000
1.283753,1,9.500000,0.040000,0.300000,200,200,179.390000,191.350000,3560.000000,3369.000000,20.610000,8.650000
1.305011,1,9.500000,0.040000,0.300000,200,200,179.390000,191.350000,3592.000000,3398.000000,20.610000,8.650000
1.326222,1,9.500000,0.040000,0.300000,200,200,179.390000,191.350000,3639.000000,3442.000000,20.610000,8.650000
1.346987,1,9.500000,0.040000,0.300000,200,200,191.350000,179.390000,3671.000000,3472.000000,8.650000,20.610000
1.368836,1,9.500000,0.040000,0.300000,200,200,191.350000,179.390000,3703.000000,3501.000000,8.650000,20.610000
1.389980,1,9.500000,0.040000,0.300000,200,200,191.350000,179.390000,3735.000000,3530.000000,8.650000,20.610000
1.410625,1,9.500000,0.040000,0.300000,200,200,191.350000,179.390000,3767.000000,3560.000000,8.650000,20.610000
1.432057,1,9.500000,0.040000,0.300000,200,200,191.350000,179.390000,3798.000000,3589.000000,8.650000,20.610000
1.453471,1,9.500000,0.040000,0.300000,200,200,191.350000,179.390000,3830.000000,3619.000000,8.650000,20.610000
1.474506,1,9.500000,0.040000,0.300000,200,200,191.350000,167.430000,3877.000000,3663.000000,8.650000,32.570000
1.495275,1,9.500000,0.040000,0.300000,200,200,191.350000,167.430000,3909.000000,3693.000000,8.650000,32.570000
1.516841,1,9.500000,0.040000,0.300000,200,200,191.350000,167.430000,3925.000000,3707.000000,8.650000,32.570000
1.537968,1,9.500000,0.040000,0.300000,200,200,191.350000,179.390000,3972.000000,3752.000000,8.650000,20.610000
1.558450,1,9.500000,0.040000,0.300000,200,200,191.350000,179.390000,4004.000000,3781.000000,8.650000,20.610000
1.579146,1,9.500000,0.040000,0.300000,200,200,191.350000,167.430000,4036.000000,3811.000000,8.650000,32.570000
1.600462,1,9.500000,0.040000,0.300000,200,200,191.350000,167.430000,4068.000000,3841.000000,8.650000,32.570000
1.622042,1,9.500000,0.040000,0.300000,200,200,191.350000,167.430000,4099.000000,3870.000000,8.650000,32.570000
1.643495,1,9.500000,0.040000,0.300000,200,200,191.350000,191.350000,4147.000000,3915.000000,8.650000,8.650000
1.665144,1,9.500000,0.040000,0.300000,200,200,191.350000,191.350000,4179.000000,3945.000000,8.650000,8.650000
1.686294,1,9.500000,0.040000,0.300000,200,200,191.350000,191.350000,4211.000000,3975.000000,8.650000,8.650000
1.707494,1,9.500000,0.040000,0.300000,200,200,191.350000,179.390000,4243.000000,4005.000000,8.650000,20.610000
1.728882,1,9.500000,0.040000,0.300000,200,200,191.350000,179.390000,4275.000000,4034.000000,8.650000,20.610000
1.749904,1,9.500000,0.040000,0.300000,200,200,191.350000,179.390000,4306.000000,4064.000000,8.650000,20.610000
1.771162,1,9.500000,0.040000,0.300000,200,200,191.350000,179.390000,4338.000000,4094.000000,8.650000,20.610000
1.792622,1,9.500000,0.040000,0.300000,200,200,191.350000,179.390000,4385.000000,4139.000000,8.650000,20.610000
1.813813,1,9.500000,0.040000,0.300000,200,200,191.350000,179.390000,4401.000000,4154.000000,8.650000,20.610000
1.834637,1,9.500000,0.040000,0.300000,200,200,191.350000,179.390000,4433.000000,4184.000000,8.650000,20.610000
1.856081,1,9.500000,0.040000,0.300000,200,200,191.350000,179.390000,4481.000000,4229.000000,8.650000,20.610000
1.876938,1,9.500000,0.040000,0.300000,200,200,191.350000,179.390000,4497.000000,4244.000000,8.650000,20.610000
1.898163,1,9.500000,0.040000,0.300000,200,200,179.390000,167.430000,4544.000000,4289.000000,20.610000,32.570000
1.919756,1,9.500000,0.040000,0.300000,200,200,179.390000,167.430000,4576.000000,4319.000000,20.610000,32.570000
1.941214,1,9.500000,0.040000,0.300000,200,200,191.350000,179.390000,4608.000000,4349.000000,8.650000,20.610000
1.962148,1,9.500000,0.040000,0.300000,200,200,191.350000,179.390000,4639.000000,4380.000000,8.650000,20.610000
1.983763,1,9.500000,0.040000,0.300000,200,200,191.350000,179.390000,4671.000000,4409.000000,8.650000,20.610000
0.000002,2,9.500000,0.040000,0.300000,300,300,11.960000,11.960000,4803.000000,4558.000000,288.040000,288.040000
0.021810,2,9.500000,0.040000,0.300000,300,300,0.000000,23.920000,4808.000000,4566.000000,300.000000,276.080000
0.043565,2,9.500000,0.040000,0.300000,300,300,0.000000,23.920000,4840.000000,4600.000000,300.000000,276.080000
0.065080,2,9.500000,0.040000,0.300000,300,300,0.000000,23.920000,4873.000000,4634.000000,300.000000,276.080000
0.086313,2,9.500000,0.040000,0.300000,300,300,167.430000,191.350000,4903.000000,4666.000000,132.570000,108.650000
0.107555,2,9.500000,0.040000,0.300000,300,300,167.430000,191.350000,4947.000000,4713.000000,132.570000,108.650000
0.129070,2,9.500000,0.040000,0.300000,300,300,179.390000,179.390000,4963.000000,4728.000000,120.610000,120.610000
0.150093,2,9.500000,0.040000,0.300000,300,300,179.390000,179.390000,5008.000000,4773.000000,120.610000,120.610000
0.171162,2,9.500000,0.040000,0.300000,300,300,179.390000,179.390000,5039.000000,4805.000000,120.610000,120.610000
0.192647,2,9.500000,0.040000,0.300000,300,300,179.390000,179.390000,5055.000000,4820.000000,120.610000,120.610000
0.213856,2,9.500000,0.040000,0.300000,300,300,179.390000,179.390000,5100.000000,4866.000000,120.610000,120.610000
0.235335,2,9.500000,0.040000,0.300000,300,300,179.390000,179.390000,5147.000000,4913.000000,120.610000,120.610000
0.257607,2,9.500000,0.040000,0.300000,300,300,191.350000,191.350000,5179.000000,4945.000000,108.650000,108.650000
0.279176,2,9.500000,0.040000,0.300000,300,300,191.350000,191.350000,5210.000000,4976.000000,108.650000,108.650000
0.300605,2,9.500000,0.040000,0.300000,300,300,191.350000,191.350000,5241.000000,5007.000000,108.650000,108.650000
0.321325,2,9.500000,0.040000,0.300000,300,300,191.350000,191.350000,5272.000000,5039.000000,108.650000,108.650000
0.342449,2,9.500000,0.040000,0.300000,300,300,191.350000,191.350000,5304.000000,5071.000000,108.650000,108.650000
0.363996,2,9.500000,0.040000,0.300000,300,300,191.350000,191.350000,5336.000000,5103.000000,108.650000,108.650000
0.385200,2,9.500000,0.040000,0.300000,300,300,191.350000,191.350000,5369.000000,5135.000000,108.650000,108.650000
0.406260,2,9.500000,0.040000,0.300000,300,300,191.350000,191.350000,5417.000000,5183.000000,108.650000,108.650000
0.427685,2,9.500000,0.040000,0.300000,300,300,191.350000,191.350000,5433.000000,5199.000000,108.650000,108.650000
0.449216,2,9.500000,0.040000,0.300000,300,300,191.350000,191.350000,5482.000000,5248.000000,108.650000,108.650000
0.470072,2,9.500000,0.040000,0.300000,300,300,191.350000,191.350000,5514.000000,5280.000000,108.650000,108.650000
0.490631,2,9.500000,0.040000,0.300000,300,300,191.350000,191.350000,5531.000000,5297.000000,108.650000,108.650000
0.512210,2,9.500000,0.040000,0.300000,300,300,191.350000,191.350000,5580.000000,5345.000000,108.650000,108.650000
0.533468,2,9.500000,0.040000,0.300000,300,300,191.350000,191.350000,5613.000000,5379.000000,108.650000,108.650000
0.554856,2,9.500000,0.040000,0.300000,300,300,191.350000,191.350000,5663.000000,5429.000000,108.650000,108.650000
0.575462,2,9.500000,0.040000,0.300000,300,300,191.350000,191.350000,5696.000000,5461.000000,108.650000,108.650000
0.596663,2,9.500000,0.040000,0.300000,300,300,191.350000,191.350000,5730.000000,5496.000000,108.650000,108.650000
0.617873,2,9.500000,0.040000,0.300000,300,300,203.310000,191.350000,5763.000000,5529.000000,96.690000,108.650000
0.638397,2,9.500000,0.040000,0.300000,300,300,203.310000,191.350000,5797.000000,5562.000000,96.690000,108.650000
0.659432,2,9.500000,0.040000,0.300000,300,300,203.310000,191.350000,5831.000000,5597.000000,96.690000,108.650000
0.681299,2,9.500000,0.040000,0.300000,300,300,191.350000,191.350000,5864.000000,5630.000000,108.650000,108.650000
0.701904,2,9.500000,0.040000,0.300000,300,300,191.350000,191.350000,5899.000000,5664.000000,108.650000,108.650000
0.723129,2,9.500000,0.040000,0.300000,300,300,191.350000,191.350000,5933.000000,5698.000000,108.650000,108.650000
0.745299,2,9.500000,0.040000,0.300000,300,300,203.310000,215.270000,5967.000000,5733.000000,96.690000,84.730000
0.766504,2,9.500000,0.040000,0.300000,300,300,203.310000,215.270000,6002.000000,5766.000000,96.690000,84.730000
0.788067,2,9.500000,0.040000,0.300000,300,300,203.310000,215.270000,6036.000000,5801.000000,96.690000,84.730000
0.809300,2,9.500000,0.040000,0.300000,300,300,215.270000,203.310000,6088.000000,5853.000000,84.730000,96.690000
0.830735,2,9.500000,0.040000,0.300000,300,300,215.270000,203.310000,6123.000000,5888.000000,84.730000,96.690000
0.851292,2,9.500000,0.040000,0.300000,300,300,215.270000,203.310000,6139.000000,5905.000000,84.730000,96.690000
0.872839,2,9.500000,0.040000,0.300000,300,300,215.270000,203.310000,6192.000000,5957.000000,84.730000,96.690000
0.893591,2,9.500000,0.040000,0.300000,300,300,215.270000,203.310000,6227.000000,5992.000000,84.730000,96.690000
0.913857,2,9.500000,0.040000,0.300000,300,300,203.310000,215.270000,6262.000000,6027.000000,96.690000,84.730000
0.934893,2,9.500000,0.040000,0.300000,300,300,203.310000,215.270000,6298.000000,6062.000000,96.690000,84.730000
0.956119,2,9.500000,0.040000,0.300000,300,300,203.310000,215.270000,6333.000000,6097.000000,96.690000,84.730000
0.977741,2,9.500000,0.040000,0.300000,300,300,203.310000,215.270000,6386.000000,6151.000000,96.690000,84.730000
0.999224,2,9.500000,0.040000,0.300000,300,300,203.310000,215.270000,6422.000000,6186.000000,96.690000,84.730000
1.020796,2,9.500000,0.040000,0.300000,300,300,203.310000,215.270000,6458.000000,6221.000000,96.690000,84.730000
1.042198,2,9.500000,0.040000,0.300000,300,300,203.310000,215.270000,6493.000000,6257.000000,96.690000,84.730000
1.062845,2,9.500000,0.040000,0.300000,300,300,203.310000,215.270000,6529.000000,6293.000000,96.690000,84.730000
1.083626,2,9.500000,0.040000,0.300000,300,300,203.310000,215.270000,6565.000000,6329.000000,96.690000,84.730000
1.103903,2,9.500000,0.040000,0.300000,300,300,215.270000,215.270000,6619.000000,6382.000000,84.730000,84.730000
1.124189,2,9.500000,0.040000,0.300000,300,300,215.270000,215.270000,6655.000000,6419.000000,84.730000,84.730000
1.144466,2,9.500000,0.040000,0.300000,300,300,215.270000,215.270000,6673.000000,6437.000000,84.730000,84.730000
1.164674,2,9.500000,0.040000,0.300000,300,300,215.270000,215.270000,6709.000000,6473.000000,84.730000,84.730000
1.184931,2,9.500000,0.040000,0.300000,300,300,215.270000,215.270000,6746.000000,6509.000000,84.730000,84.730000
1.205263,2,9.500000,0.040000,0.300000,300,300,215.270000,215.270000,6782.000000,6546.000000,84.730000,84.730000
1.225730,2,9.500000,0.040000,0.300000,300,300,215.270000,215.270000,6838.000000,6601.000000,84.730000,84.730000
1.246339,2,9.500000,0.040000,0.300000,300,300,215.270000,215.270000,6875.000000,6637.000000,84.730000,84.730000
1.266899,2,9.500000,0.040000,0.300000,300,300,215.270000,215.270000,6893.000000,6656.000000,84.730000,84.730000
1.287780,2,9.500000,0.040000,0.300000,300,300,227.230000,215.270000,6949.000000,6711.000000,72.770000,84.730000
1.308470,2,9.500000,0.040000,0.300000,300,300,227.230000,215.270000,6987.000000,6748.000000,72.770000,84.730000
1.329131,2,9.500000,0.040000,0.300000,300,300,215.270000,227.230000,7006.000000,6765.000000,84.730000,72.770000
1.350126,2,9.500000,0.040000,0.300000,300,300,215.270000,227.230000,7062.000000,6822.000000,84.730000,72.770000
1.372219,2,9.500000,0.040000,0.300000,300,300,215.270000,227.230000,7099.000000,6858.000000,84.730000,72.770000
1.393473,2,9.500000,0.040000,0.300000,300,300,227.230000,227.230000,7137.000000,6896.000000,72.770000,72.770000
1.414930,2,9.500000,0.040000,0.300000,300,300,227.230000,227.230000,7194.000000,6952.000000,72.770000,72.770000
1.436713,2,9.500000,0.040000,0.300000,300,300,227.230000,227.230000,7231.000000,6989.000000,72.770000,72.770000
1.457851,2,9.500000,0.040000,0.300000,300,300,239.190000,239.190000,7270.000000,7027.000000,60.810000,60.810000
1.479140,2,9.500000,0.040000,0.300000,300,300,239.190000,239.190000,7307.000000,7065.000000,60.810000,60.810000
1.499818,2,9.500000,0.040000,0.300000,300,300,239.190000,239.190000,7346.000000,7103.000000,60.810000,60.810000
1.520914,2,9.500000,0.040000,0.300000,300,300,227.230000,215.270000,7384.000000,7141.000000,72.770000,84.730000
1.541397,2,9.500000,0.040000,0.300000,300,300,227.230000,215.270000,7423.000000,7178.000000,72.770000,84.730000
1.562436,2,9.500000,0.040000,0.300000,300,300,227.230000,215.270000,7461.000000,7217.000000,72.770000,84.730000
1.583913,2,9.500000,0.040000,0.300000,300,300,227.230000,227.230000,7499.000000,7254.000000,72.770000,72.770000
1.604849,2,9.500000,0.040000,0.300000,300,300,227.230000,227.230000,7538.000000,7293.000000,72.770000,72.770000
1.625543,2,9.500000,0.040000,0.300000,300,300,227.230000,227.230000,7577.000000,7331.000000,72.770000,72.770000
1.646218,2,9.500000,0.040000,0.300000,300,300,227.230000,227.230000,7635.000000,7388.000000,72.770000,72.770000
1.666899,2,9.500000,0.040000,0.300000,300,300,227.230000,227.230000,7674.000000,7427.000000,72.770000,72.770000
1.687411,2,9.500000,0.040000,0.300000,300,300,227.230000,227.230000,7693.000000,7446.000000,72.770000,72.770000
1.708036,2,9.500000,0.040000,0.300000,300,300,227.230000,227.230000,7751.000000,7504.000000,72.770000,72.770000
1.728584,2,9.500000,0.040000,0.300000,300,300,227.230000,227.230000,7791.000000,7542.000000,72.770000,72.770000
1.749229,2,9.500000,0.040000,0.300000,300,300,239.190000,239.190000,7810.000000,7561.000000,60.810000,60.810000
1.769868,2,9.500000,0.040000,0.300000,300,300,239.190000,239.190000,7869.000000,7620.000000,60.810000,60.810000
1.790572,2,9.500000,0.040000,0.300000,300,300,239.190000,239.190000,7908.000000,7659.000000,60.810000,60.810000
1.811271,2,9.500000,0.040000,0.300000,300,300,239.190000,227.230000,7947.000000,7697.000000,60.810000,72.770000
1.831945,2,9.500000,0.040000,0.300000,300,300,239.190000,227.230000,7987.000000,7737.000000,60.810000,72.770000
1.852478,2,9.500000,0.040000,0.300000,300,300,239.190000,227.230000,8026.000000,7776.000000,60.810000,72.770000
1.872949,2,9.500000,0.040000,0.300000,300,300,227.230000,227.230000,8064.000000,7815.000000,72.770000,72.770000
1.893584,2,9.500000,0.040000,0.300000,300,300,227.230000,227.230000,8123.000000,7874.000000,72.770000,72.770000
1.914264,2,9.500000,0.040000,0.300000,300,300,227.230000,227.230000,8163.000000,7913.000000,72.770000,72.770000
1.934806,2,9.500000,0.040000,0.300000,300,300,239.190000,239.190000,8183.000000,7933.000000,60.810000,60.810000
1.956325,2,9.500000,0.040000,0.300000,300,300,239.190000,239.190000,8243.000000,7993.000000,60.810000,60.810000
1.977002,2,9.500000,0.040000,0.300000,300,300,239.190000,239.190000,8283.000000,8032.000000,60.810000,60.810000
1.997693,2,9.500000,0.040000,0.300000,300,300,239.190000,239.190000,8323.000000,8072.000000,60.810000,60.810000
0.000000,3,9.500000,0.040000,0.300000,500,500,23.920000,23.920000,8521.000000,8268.000000,476.080000,476.080000
0.020386,3,9.500000,0.040000,0.300000,500,500,23.920000,23.920000,8530.000000,8277.000000,476.080000,476.080000
0.040738,3,9.500000,0.040000,0.300000,500,500,23.920000,23.920000,8565.000000,8309.000000,476.080000,476.080000
0.061134,3,9.500000,0.040000,0.300000,500,500,215.270000,203.310000,8601.000000,8344.000000,284.730000,296.690000
0.081612,3,9.500000,0.040000,0.300000,500,500,215.270000,203.310000,8635.000000,8376.000000,284.730000,296.690000
0.102110,3,9.500000,0.040000,0.300000,500,500,215.270000,203.310000,8670.000000,8407.000000,284.730000,296.690000
0.122834,3,9.500000,0.040000,0.300000,500,500,203.310000,179.390000,8704.000000,8437.000000,296.690000,320.610000
0.144714,3,9.500000,0.040000,0.300000,500,500,203.310000,179.390000,8739.000000,8469.000000,296.690000,320.610000
0.166359,3,9.500000,0.040000,0.300000,500,500,203.310000,179.390000,8773.000000,8500.000000,296.690000,320.610000
0.187960,3,9.500000,0.040000,0.300000,500,500,203.310000,191.350000,8825.000000,8547.000000,296.690000,308.650000
0.209195,3,9.500000,0.040000,0.300000,500,500,203.310000,191.350000,8860.000000,8580.000000,296.690000,308.650000
0.230730,3,9.500000,0.040000,0.300000,500,500,203.310000,191.350000,8878.000000,8596.000000,296.690000,308.650000
0.252311,3,9.500000,0.040000,0.300000,500,500,203.310000,191.350000,8931.000000,8645.000000,296.690000,308.650000
0.273722,3,9.500000,0.040000,0.300000,500,500,203.310000,191.350000,8967.000000,8677.000000,296.690000,308.650000
0.294831,3,9.500000,0.040000,0.300000,500,500,215.270000,203.310000,9023.000000,8728.000000,284.730000,296.690000
0.315016,3,9.500000,0.040000,0.300000,500,500,215.270000,203.310000,9059.000000,8762.000000,284.730000,296.690000
0.335229,3,9.500000,0.040000,0.300000,500,500,215.270000,203.310000,9078.000000,8779.000000,284.730000,296.690000
0.355547,3,9.500000,0.040000,0.300000,500,500,215.270000,203.310000,9134.000000,8830.000000,284.730000,296.690000
0.375996,3,9.500000,0.040000,0.300000,500,500,215.270000,203.310000,9172.000000,8865.000000,284.730000,296.690000
0.396321,3,9.500000,0.040000,0.300000,500,500,215.270000,203.310000,9211.000000,8901.000000,284.730000,296.690000
0.416688,3,9.500000,0.040000,0.300000,500,500,227.230000,203.310000,9249.000000,8936.000000,272.770000,296.690000
0.437154,3,9.500000,0.040000,0.300000,500,500,227.230000,203.310000,9287.000000,8972.000000,272.770000,296.690000
0.457587,3,9.500000,0.040000,0.300000,500,500,227.230000,203.310000,9327.000000,9009.000000,272.770000,296.690000
0.478146,3,9.500000,0.040000,0.300000,500,500,239.190000,203.310000,9366.000000,9045.000000,260.810000,296.690000
0.498892,3,9.500000,0.040000,0.300000,500,500,239.190000,203.310000,9406.000000,9081.000000,260.810000,296.690000
0.519447,3,9.500000,0.040000,0.300000,500,500,239.190000,203.310000,9446.000000,9120.000000,260.810000,296.690000
0.540157,3,9.500000,0.040000,0.300000,500,500,239.190000,215.270000,9486.000000,9157.000000,260.810000,284.730000
0.561249,3,9.500000,0.040000,0.300000,500,500,239.190000,215.270000,9527.000000,9194.000000,260.810000,284.730000
0.582794,3,9.500000,0.040000,0.300000,500,500,239.190000,215.270000,9567.000000,9233.000000,260.810000,284.730000
0.603984,3,9.500000,0.040000,0.300000,500,500,239.190000,239.190000,9608.000000,9272.000000,260.810000,260.810000
0.625191,3,9.500000,0.040000,0.300000,500,500,239.190000,239.190000,9650.000000,9310.000000,260.810000,260.810000
0.646650,3,9.500000,0.040000,0.300000,500,500,239.190000,239.190000,9692.000000,9349.000000,260.810000,260.810000
0.668050,3,9.500000,0.040000,0.300000,500,500,251.150000,239.190000,9755.000000,9409.000000,248.850000,260.810000
0.689328,3,9.500000,0.040000,0.300000,500,500,251.150000,239.190000,9798.000000,9448.000000,248.850000,260.810000
0.710082,3,9.500000,0.040000,0.300000,500,500,263.110000,251.150000,9819.000000,9468.000000,236.890000,248.850000
0.731022,3,9.500000,0.040000,0.300000,500,500,263.110000,251.150000,9884.000000,9529.000000,236.890000,248.850000
0.751690,3,9.500000,0.040000,0.300000,500,500,263.110000,251.150000,9927.000000,9569.000000,236.890000,248.850000
0.773152,3,9.500000,0.040000,0.300000,500,500,263.110000,251.150000,9971.000000,9610.000000,236.890000,248.850000
0.794117,3,9.500000,0.040000,0.300000,500,500,263.110000,251.150000,10014.000000,9652.000000,236.890000,248.850000
0.815233,3,9.500000,0.040000,0.300000,500,500,263.110000,251.150000,10058.000000,9693.000000,236.890000,248.850000
0.836917,3,9.500000,0.040000,0.300000,500,500,275.070000,263.110000,10125.000000,9756.000000,224.930000,236.890000
0.858447,3,9.500000,0.040000,0.300000,500,500,275.070000,263.110000,10171.000000,9798.000000,224.930000,236.890000
0.880064,3,9.500000,0.040000,0.300000,500,500,275.070000,263.110000,10215.000000,9841.000000,224.930000,236.890000
0.901288,3,9.500000,0.040000,0.300000,500,500,287.030000,239.190000,10262.000000,9884.000000,212.970000,260.810000
0.922930,3,9.500000,0.040000,0.300000,500,500,287.030000,239.190000,10307.000000,9927.000000,212.970000,260.810000
0.944254,3,9.500000,0.040000,0.300000,500,500,287.030000,239.190000,10354.000000,9970.000000,212.970000,260.810000
0.965422,3,9.500000,0.040000,0.300000,500,500,263.110000,263.110000,10399.000000,10014.000000,236.890000,236.890000
0.986869,3,9.500000,0.040000,0.300000,500,500,263.110000,263.110000,10447.000000,10057.000000,236.890000,236.890000
1.008968,3,9.500000,0.040000,0.300000,500,500,275.070000,275.070000,10494.000000,10101.000000,224.930000,224.930000
1.030108,3,9.500000,0.040000,0.300000,500,500,275.070000,275.070000,10565.000000,10168.000000,224.930000,224.930000
1.050364,3,9.500000,0.040000,0.300000,500,500,275.070000,275.070000,10612.000000,10213.000000,224.930000,224.930000
1.070549,3,9.500000,0.040000,0.300000,500,500,287.030000,263.110000,10660.000000,10257.000000,212.970000,236.890000
1.090952,3,9.500000,0.040000,0.300000,500,500,287.030000,263.110000,10709.000000,10303.000000,212.970000,236.890000
1.111537,3,9.500000,0.040000,0.300000,500,500,287.030000,263.110000,10757.000000,10349.000000,212.970000,236.890000
1.132552,3,9.500000,0.040000,0.300000,500,500,287.030000,275.070000,10806.000000,10394.000000,212.970000,224.930000
1.153820,3,9.500000,0.040000,0.300000,500,500,287.030000,275.070000,10855.000000,10440.000000,212.970000,224.930000
1.174861,3,9.500000,0.040000,0.300000,500,500,287.030000,275.070000,10904.000000,10486.000000,212.970000,224.930000
1.196397,3,9.500000,0.040000,0.300000,500,500,298.990000,287.030000,10979.000000,10557.000000,201.010000,212.970000
1.217693,3,9.500000,0.040000,0.300000,500,500,298.990000,287.030000,11028.000000,10602.000000,201.010000,212.970000
1.238238,3,9.500000,0.040000,0.300000,500,500,298.990000,287.030000,11079.000000,10650.000000,201.010000,212.970000
1.258444,3,9.500000,0.040000,0.300000,500,500,287.030000,287.030000,11129.000000,10697.000000,212.970000,212.970000
1.278653,3,9.500000,0.040000,0.300000,500,500,287.030000,287.030000,11179.000000,10745.000000,212.970000,212.970000
1.298853,3,9.500000,0.040000,0.300000,500,500,287.030000,287.030000,11231.000000,10793.000000,212.970000,212.970000
1.319099,3,9.500000,0.040000,0.300000,500,500,298.990000,287.030000,11282.000000,10841.000000,201.010000,212.970000
1.339337,3,9.500000,0.040000,0.300000,500,500,298.990000,287.030000,11333.000000,10889.000000,201.010000,212.970000
1.359641,3,9.500000,0.040000,0.300000,500,500,298.990000,287.030000,11384.000000,10938.000000,201.010000,212.970000
1.380098,3,9.500000,0.040000,0.300000,500,500,310.950000,287.030000,11436.000000,10987.000000,189.050000,212.970000
1.400517,3,9.500000,0.040000,0.300000,500,500,310.950000,287.030000,11488.000000,11036.000000,189.050000,212.970000
1.420883,3,9.500000,0.040000,0.300000,500,500,310.950000,287.030000,11540.000000,11085.000000,189.050000,212.970000
1.441547,3,9.500000,0.040000,0.300000,500,500,322.910000,287.030000,11592.000000,11135.000000,177.090000,212.970000
1.462251,3,9.500000,0.040000,0.300000,500,500,322.910000,287.030000,11645.000000,11185.000000,177.090000,212.970000
1.482980,3,9.500000,0.040000,0.300000,500,500,322.910000,287.030000,11698.000000,11235.000000,177.090000,212.970000
1.503809,3,9.500000,0.040000,0.300000,500,500,310.950000,298.990000,11751.000000,11285.000000,189.050000,201.010000
1.524704,3,9.500000,0.040000,0.300000,500,500,310.950000,298.990000,11804.000000,11336.000000,189.050000,201.010000
1.546031,3,9.500000,0.040000,0.300000,500,500,310.950000,298.990000,11857.000000,11386.000000,189.050000,201.010000
1.567516,3,9.500000,0.040000,0.300000,500,500,322.910000,310.950000,11911.000000,11437.000000,177.090000,189.050000
1.588979,3,9.500000,0.040000,0.300000,500,500,322.910000,310.950000,11991.000000,11514.000000,177.090000,189.050000
1.610601,3,9.500000,0.040000,0.300000,500,500,322.910000,310.950000,12019.000000,11540.000000,177.090000,189.050000
1.632134,3,9.500000,0.040000,0.300000,500,500,322.910000,298.990000,12100.000000,11617.000000,177.090000,201.010000
1.653665,3,9.500000,0.040000,0.300000,500,500,322.910000,298.990000,12155.000000,11669.000000,177.090000,201.010000
1.675077,3,9.500000,0.040000,0.300000,500,500,322.910000,310.950000,12238.000000,11748.000000,177.090000,189.050000
1.696741,3,9.500000,0.040000,0.300000,500,500,322.910000,310.950000,12265.000000,11774.000000,177.090000,189.050000
1.717879,3,9.500000,0.040000,0.300000,500,500,322.910000,310.950000,12348.000000,11853.000000,177.090000,189.050000
1.738370,3,9.500000,0.040000,0.300000,500,500,322.910000,322.910000,12403.000000,11906.000000,177.090000,177.090000
1.759176,3,9.500000,0.040000,0.300000,500,500,322.910000,322.910000,12460.000000,11959.000000,177.090000,177.090000
1.780809,3,9.500000,0.040000,0.300000,500,500,322.910000,322.910000,12516.000000,12013.000000,177.090000,177.090000
1.801557,3,9.500000,0.040000,0.300000,500,500,334.870000,322.910000,12572.000000,12066.000000,165.130000,177.090000
1.822658,3,9.500000,0.040000,0.300000,500,500,334.870000,322.910000,12629.000000,12120.000000,165.130000,177.090000
1.843347,3,9.500000,0.040000,0.300000,500,500,334.870000,322.910000,12686.000000,12174.000000,165.130000,177.090000
1.864768,3,9.500000,0.040000,0.300000,500,500,346.820000,322.910000,12743.000000,12228.000000,153.180000,177.090000
1.885775,3,9.500000,0.040000,0.300000,500,500,346.820000,322.910000,12799.000000,12282.000000,153.180000,177.090000
1.907115,3,9.500000,0.040000,0.300000,500,500,346.820000,322.910000,12858.000000,12337.000000,153.180000,177.090000
1.928729,3,9.500000,0.040000,0.300000,500,500,334.870000,334.870000,12915.000000,12392.000000,165.130000,165.130000
1.949975,3,9.500000,0.040000,0.300000,500,500,334.870000,334.870000,13002.000000,12474.000000,165.130000,165.130000
1.971611,3,9.500000,0.040000,0.300000,500,500,334.870000,322.910000,13031.000000,12502.000000,165.130000,177.090000
1.993661,3,9.500000,0.040000,0.300000,500,500,334.870000,322.910000,13118.000000,12585.000000,165.130000,177.090000
